Title,New Price
Migrations,"Rs 2,245.50"
Blessings A sublime coming of age tale Guardian,"Rs 2,245.50"
Pride and Prejudice Macmillan Collectors Library,"Rs 2,965.50"
Property,"Rs 2,245.50"
The Return Of the King  the Lord Of the Rings Part 3,Rs 809.10
The Two Towers the Lord Of the Rings Part 2,Rs 809.10
The Fellowship Of the Ring the Lord Of the Rings Part 1,Rs 809.10
Touch Movie Tie in A Novel,"Rs 3,415.50"
The Night is Defying,"Rs 3,595.50"
The Hearts Compass  Navigating Dreams,Rs 899.10
We Do Not Part,"Rs 4,135.50"
The Hobbit,Rs 509.15
"Hometime, Little Koala (Noisy Noses)","Rs 3,505.50"
My First Pull-the-Tab Fairy Tale: Alice in Wonderland,"Rs 2,375.75"
Puss in Boots My First Pull-the-Tab Fairy Tale My First Pull the Tab Fairy Tales,"Rs 2,375.75"
Pinocchio My First Pull-the-Tab Fairy Tale,"Rs 2,515.50"
Martyr,"Rs 2,245.50"
My second in Kentucky: Poems,"Rs 2,125.00"
Temple Boys,Rs 930.75
Our Ancestors,"Rs 2,375.75"
The Man Who Planted Trees,"Rs 1,695.75"
One Girl Began,"Rs 3,225.75"
She Speaks! - What Shakespeare's Women Might Have Said,"Rs 4,245.75"
The Unwilding,"Rs 2,785.50"
The Wolves of Eternity,"Rs 2,375.75"
The Ice is  Black,"Rs 1,700.00"
BUDHOO AND OTHER STORIES,"Rs 1,260.00"
The Faithful,"Rs 2,125.00"
Assassin's Creed Odyssey (The Official Novelization) Book 10,"Rs 1,795.50"
Theft: A Love Story,"Rs 2,375.75"
